fpr,tpr
0.0,0.0
0.520212,0.804999
0.848907,0.965243
0.970179,0.997006
1.0,1.0
1.0,1.0
